"Year","Region","Zone","Site","Total.Fish.Densit_mean","Fish.Species.richness_mean","Grazers_mean","Corallivores_mean","SCI_mean","LCC_mean","LHC_mean","MAC_mean","Model"
2004,"Magnetic","Fished","AW1",217.3,14.6,18,22,11.1,46.4,46.4,14.4,7.4268768627714
2004,"Magnetic","Fished","AW2",398,16.4,28,44,5.6,46.4,46.4,8.8,7.4268768627714
2004,"Magnetic","Fished","FB1",303.3,16.4,23.3,7.3,4.8,42.4,42.4,10.4,7.36588955850746
2004,"Magnetic","Fished","GOW1",282.7,13.2,47.3,10,5.2,42.4,41.6,5.6,7.35369209765468
2004,"Magnetic","Fished","NB1",261.3,15,16.7,28.7,4.8,36,34.4,12,7.24391494997959
2004,"Magnetic","Fished","WC1",336.7,19.6,42,33.3,10.2,40.8,40,15.2,7.3292971759491
2004,"Magnetic","NTR 1987","GB1",215.3,16.6,26.7,11.3,7.4,40,36.8,20,7.28050733253795
2004,"Magnetic","NTR 1987","GB2",258.7,14,11.3,19.3,8.5,31.2,30.4,18.4,7.18292764571565
2004,"Palm","Fished","C4",2326.6,34,178.6,23.3,7,69.6,35.2,0.8,7.25611241083238
2004,"Palm","Fished","C5",1230,24,66,14,7.2,64,8,0,6.8413987418376
2004,"Palm","Fished","C6",1450,24.2,74,18,13.3,62.4,20.8,0,7.0365581154822
2004,"Palm","Fished","C1",2608,33.6,28,25.3,14.1,80,46.4,0,7.4268768627714
2004,"Palm","Fished","C2",1944,28,27.3,31.3,10.3,39.2,14.4,0,6.9389784286599
2004,"Palm","Fished","C3",4094,31.6,31.3,10,12.8,83.2,61.6,0.8,7.65862861897437
2006,"Keppel","Fished","GK1",5114,32,40.7,62,5.7,48.8,42.4,9.2,7.82911582504232
2006,"Keppel","Fished","GK2",6218.6,24.6,74.7,57.3,10.5,69.2,61.2,1.6,8.11575615508283
2006,"Keppel","Fished","GK3",3160,20.8,32.7,14,6,71.6,71.2,13.2,8.26822441574268
2006,"Keppel","Fished","GK4",10409.3,25.8,10.7,32.7,8.2,63.6,58.8,4,8.07916377252447
2006,"Keppel","Fished","GK7",13262,23.4,80.7,23.3,5.7,50.4,47.6,10,7.90839932058544
2006,"Keppel","Fished","GK8",894.7,18.8,104,6,4.2,12.4,10.8,45.2,7.34731612135721
2006,"Keppel","Fished","H3",56358.6,25.8,64.7,16.7,6.4,52.8,52.4,17.2,7.98158408570217
2006,"Keppel","Fished","MI1",1614.7,21.6,23.3,46.7,5.4,77.6,72,0.8,8.28042187659547
2006,"Keppel","Fished","MI2",17606.7,19.4,5.3,22,7.8,80.4,56.4,2,8.04257138996611
2006,"Keppel","Fished","NK3",3991.3,17.8,15.3,9.3,3.6,26.8,26.8,35.6,7.59126533841297
2006,"Keppel","NTR 1987","H1",7602.6,29,42.7,84,8,50.8,45.2,1.6,7.87180693802708
2006,"Keppel","NTR 1987","H2",13668,23,30,37.3,11.6,77.6,76.4,2.4,8.3475079112858
2006,"Keppel","NTR 1987","M1",5234.7,25,14.7,14.7,5.1,41.6,41.6,38.4,7.81691836418954
2006,"Keppel","NTR 1987","M2",4667.3,24.4,7.3,22,6.1,24.4,24.4,54.4,7.5546729558546
2006,"Keppel","NTR 1987","M3",947.3,17.6,3.3,29.3,4.4,69.6,69.6,15.6,8.2438294940371
2006,"Keppel","NTR 1987","M4",6722.6,23,24.7,57.3,4.5,78.8,78.8,1.2,8.38410029384416
2006,"Keppel","NTR 2004","GK5",19508.6,24.2,56,26,6.5,19.2,19.2,67.6,7.47538946031148
2006,"Keppel","NTR 2004","GK6",6964.7,26,20,21.3,7.9,50.8,50.8,33.2,7.9571891639966
2006,"Keppel","NTR 2004","GK9",3464,21.4,8,11.3,5.1,44.8,44.8,46.4,7.86570820760069
2006,"Keppel","NTR 2004","NK1",3805.3,13.8,3.3,14.7,2.2,14,13.6,65.2,7.39000723434197
2006,"Palm","Fished","C4",2290.6,41.6,96.7,8,23.5,62,17.6,0,7.45099453860591
2006,"Palm","Fished","C5",1838,30.6,87.3,2.7,11.7,70.4,6.8,0,7.28632881709327
2006,"Palm","Fished","C6",1610.7,23.6,26.7,8,13.3,52.4,8.4,0,7.31072373879885
2006,"Palm","NTR 2004","C1",2433.3,32.4,44,24.7,18.8,54.8,21.6,0,7.51198184286985
2006,"Palm","NTR 2004","C2",2955.3,32.2,19.3,9.3,24,67.6,18.4,0,7.4631919994587
2006,"Palm","NTR 2004","C3",3063.3,31.4,16.7,10,15.9,44,25.6,0.4,7.57296914713378
2006,"Whitsunday","Fished","HB7",4531.3,38.8,48.7,14.7,10.5,73.2,46.4,0,7.89010312930626
2006,"Whitsunday","Fished","HE1",3473.3,38.4,76.7,38,17.4,84,75.2,0.4,8.32921172000662
2006,"Whitsunday","Fished","HE2",2124.6,34.4,352.6,39.3,14.9,71.6,61.2,0,8.11575615508283
2006,"Whitsunday","Fished","HE3",3864,43.2,107.3,51.3,9.4,79.2,55.6,0,8.03037392911332
2006,"Whitsunday","Fished","HY1",1844.7,27.4,34,33.3,12.4,66.4,49.2,0,7.93279424229102
2006,"Whitsunday","Fished","HY2",2659.3,35,29.3,48,13.4,88.4,37.6,0,7.7559310599256
2006,"Whitsunday","Fished","HY3",3549.3,42.8,50,21.3,10.6,64.4,35.2,0,7.71933867736724
2006,"Whitsunday","Fished","W8",2091.3,34,144.7,26.7,16.5,56,36.4,0,7.73763486864642
2006,"Whitsunday","Fished","W9",2526.6,35.2,66,30,9,70.4,53.2,0,7.99378154655496
2006,"Whitsunday","NTR 2004","BL1",2895.3,37.8,66.7,12.7,17.2,78,23.6,0,7.54247549500182
2006,"Whitsunday","NTR 2004","BL2",2486.6,36.6,46,32.7,11.2,74,42,0,7.82301709461593
2006,"Whitsunday","NTR 2004","DB1",4335.9,39.6,72,26,15.7,68,25.6,0.4,7.57296914713378
2006,"Whitsunday","NTR 2004","DB2",5747.3,40.2,53.3,26,10.6,73.6,49.6,0,7.93889297271741
2006,"Whitsunday","NTR 2004","HG7",3826,40,91.3,52,15.5,74.4,58.8,0,8.07916377252447
2006,"Whitsunday","NTR 2004","HW1",4572.6,37.6,119.3,21.3,19.1,68.8,46.8,0,7.89620185973266
2006,"Whitsunday","NTR 2004","HW2",2270,34.4,124.7,19.3,9.8,60,52.4,0,7.98158408570217
2006,"Whitsunday","NTR 2004","HW3",2816,33.8,62,16,16.2,68.4,51.2,0,7.96328789442299
2006,"Whitsunday","NTR 2004","L1",1401.3,25.6,46,10,19.6,67.6,37.6,0,7.7559310599256
2007,"Keppel","Fished","GK1",11381.9,35.2,72.7,77.3,7,60,56.4,2.4,8.2212767839793
2007,"Keppel","Fished","GK2",10806,29.4,48,108,8.1,78.8,68.8,0.4,8.41033742719751
2007,"Keppel","Fished","GK3",8401.3,27.6,36.7,42,6,77.6,77.6,9.6,8.54450949657817
2007,"Keppel","Fished","GK4",17230.6,26.4,26.7,63.3,7.2,77.6,75.6,4.4,8.5140158444462
2007,"Keppel","Fished","GK7",13891.3,29.2,100,55.3,5.9,57.2,55.6,3.6,8.20907932312651
2007,"Keppel","Fished","GK8",1344,17.8,212.6,16,5.9,13.6,13.6,4,7.56871262835516
2007,"Keppel","Fished","H3",47528,33.2,36,31.3,6.6,57.2,57.2,29.2,8.23347424483209
2007,"Keppel","Fished","MI1",7122.6,25.8,26.7,73.3,7.1,80,76,0.8,8.5201145748726
2007,"Keppel","Fished","MI2",18233.3,29.2,26,97.3,8.5,73.2,46,6,8.06270979289306
2007,"Keppel","Fished","NK3",4252,26,49.3,45.3,4.6,24.4,24.4,46.4,7.7333783498678
2007,"Keppel","NTR 1987","H1",2764,32,74.7,54,8.4,62,59.2,8.4,8.26396789696406
2007,"Keppel","NTR 1987","H2",45934.6,30.2,42.7,118,6,76.4,72.4,2.8,8.46522600103505
2007,"Keppel","NTR 1987","M1",9626.7,26.4,8,54.7,6.4,46,46,44.4,8.06270979289306
2007,"Keppel","NTR 1987","M2",4670.6,26.8,32,22.7,8.3,36,36,54.4,7.91024153223322
2007,"Keppel","NTR 1987","M3",12058.6,28,12.7,54,7.4,60.4,60,23.2,8.27616535781685
2007,"Keppel","NTR 1987","M4",20433.3,32.2,299.3,94,6.8,72.8,72.8,1.2,8.47132473146145
2007,"Keppel","NTR 2004","GK5",9820,30.6,16,29.3,8.5,31.6,30.8,54.4,7.8309580366901
2007,"Keppel","NTR 2004","GK6",6122.7,19.6,2,24.7,6.8,27.2,27.2,63.2,7.77606946285255
2007,"Keppel","NTR 2004","GK9",2406.7,20.8,3.3,12,5,33.2,33.2,57.2,7.86755041924846
2007,"Keppel","NTR 2004","NK1",9014.7,17,20,17.3,4.2,11.6,11.6,75.6,7.53821897622319
2007,"Magnetic","Fished","AW1",440.6,21.6,28,42,9.4,40.4,38,8,7.94073518436519
2007,"Magnetic","Fished","AW2",628,25.6,72,54,4.5,44.8,44.4,13.6,8.03831487118749
2007,"Magnetic","Fished","NB1",663.3,20.8,26.7,40,4.6,35.2,34.4,36,7.88584661052764
2007,"Magnetic","Fished","WC1",652.6,23.6,77.3,38,4.2,40,38.8,21.2,7.95293264521797
2007,"Magnetic","NTR 2004","FB1",579.3,19,42,28.7,11.6,50.4,48.8,17.2,8.10540090587782
2007,"Magnetic","NTR 2004","GOW1",384.7,16.6,40.7,10,7.5,28,26.8,44.4,7.76997073242616
2007,"Magnetic","NTR 1987","GB1",948.6,25.4,128.7,18,4.9,24.8,24,32,7.7272796194414
2007,"Magnetic","NTR 1987","GB2",618.6,21.6,44,26.7,8.8,34,33.2,21.6,7.86755041924846
2007,"Palm","Fished","C4",2227.3,47,77.3,16.7,6,61.6,32.8,1.6,7.86145168882207
2007,"Palm","Fished","C5",1090.6,39.8,52.7,5.3,8.2,67.6,14,0,7.57481135878156
2007,"Palm","Fished","C6",4404,37.6,155.3,25.3,5.7,51.2,13.2,0,7.56261389792877
2007,"Palm","Fished","PE1",2109.3,39.8,42,5.3,19.3,50.4,16.8,0.4,7.61750247176631
2007,"Palm","Fished","PE2",2431.3,36.4,44,30,11.7,69.6,57.2,0,8.23347424483209
2007,"Palm","Fished","PE3",1424.6,34.2,92.7,20,16.3,59.6,46.4,0.4,8.06880852331946
2007,"Palm","Fished","PE4",999.3,37.2,122.7,16,14.4,32,24.4,0,7.7333783498678
2007,"Palm","Fished","PE5",1366,40.4,188.6,11.3,5.7,30.8,17.6,0,7.6296999326191
2007,"Palm","Fished","PE6",1422.6,37.4,132.7,7.3,10.5,18.4,4.4,0,7.42844182854811
2007,"Palm","Fished","PS1",2536,41.4,104.7,20.7,15.6,52,18,0,7.63579866304549
2007,"Palm","Fished","PS2",3756,40,54,14.7,16.3,39.2,34.4,0.8,7.88584661052764
2007,"Palm","Fished","PS3",2572.6,43.6,120,18,6.4,28,19.6,0,7.66019358475107
2007,"Palm","Fished","PS4",3006,39.6,75.3,6.7,12.2,32.8,12.8,0,7.55651516750237
2007,"Palm","Fished","PS5",2500,39.2,40,14.7,14.6,40.8,20.4,0,7.67239104560386
2007,"Palm","Fished","PS6",3231.3,41.2,117.3,6.7,12,50.4,27.6,0,7.78216819327895
2007,"Palm","NTR 1987","OE1",1469.3,39.6,76.7,18.7,7.9,57.6,12,0,7.54431770664959
2007,"Palm","NTR 1987","OE2",1682,40.6,76,20,5.1,74,13.6,0,7.56871262835516
2007,"Palm","NTR 1987","OE3",2259.9,41.8,208,20,8,57.2,12.8,0,7.55651516750237
2007,"Palm","NTR 1987","OE4",858,32.6,33.3,16.7,11.6,68,32.8,0,7.86145168882207
2007,"Palm","NTR 1987","OE5",783.3,33.4,176,17.3,5.1,42,21.6,0.4,7.69068723688304
2007,"Palm","NTR 1987","OE6",1114,37.8,126.7,22,6.1,66,38.8,0,7.95293264521797
2007,"Palm","NTR 1987","OS1",1677.3,34,50.7,20.7,4.2,38,31.6,0,7.84315549754288
2007,"Palm","NTR 1987","OS2",1739.3,29.6,41.3,10.7,6.4,32,16,0,7.60530501091353
2007,"Palm","NTR 1987","OS3",2462.7,34.6,38,12.7,5.4,35.2,18.8,0,7.64799612389828
2007,"Palm","NTR 1987","OS4",4357.3,41.8,40.7,140.7,7.8,41.2,35.6,0,7.90414280180682
2007,"Palm","NTR 1987","OS5",2880,37,47.3,44.7,3.6,52,22,0,7.69678596730943
2007,"Palm","NTR 1987","OS6",1678,28.6,36,10,6.5,54.4,11.6,0,7.53821897622319
2007,"Palm","NTR 2004","C1",3242.6,36.6,53.3,26.7,4.4,50.8,22.8,0,7.70898342816222
2007,"Palm","NTR 2004","C2",3174,42.4,48,20.7,4.5,50.4,18.8,0.8,7.64799612389828
2007,"Palm","NTR 2004","C3",2832,40.6,56,13.3,2.2,64,39.6,3.2,7.96513010607076
2007,"Whitsunday","Fished","HB1",1770.6,35.2,56,13.3,5.6,47.6,33.2,0.8,7.86755041924846
2007,"Whitsunday","Fished","HB2",1447.3,26.4,40.7,30,6.7,60.8,53.6,5.2,8.17858567099455
2007,"Whitsunday","Fished","HB3",2818.6,31.4,32,17.3,7,75.6,53.6,0,8.17858567099455
2007,"Whitsunday","Fished","HB4",2054.6,29.4,22,28,4.7,82.8,54.8,0,8.19688186227373
2007,"Whitsunday","Fished","HB5",7485.3,37.8,37.3,24.7,8.6,76.8,34,0,7.87974788010125
2007,"Whitsunday","Fished","HB7",4046.7,35.8,36,18,14.9,75.2,48.8,0,8.10540090587782
2007,"Whitsunday","Fished","HE1",3169.3,41,81.3,44.7,7.7,87.2,74,0,8.48962092274063
2007,"Whitsunday","Fished","HE2",2151.3,39.4,44.7,32.7,4,74,60.4,0,8.28226408824324
2007,"Whitsunday","Fished","HE3",2990,41.2,66.7,32,11,69.2,39.6,0,7.96513010607076
2007,"Whitsunday","Fished","HY1",3592,38.4,87.3,25.3,5.9,65.2,43.2,0,8.02001867990831
2007,"Whitsunday","Fished","HY2",2142.6,40,46.7,37.3,4.1,68.8,30,0,7.81876057583731
2007,"Whitsunday","Fished","HY3",3221.3,43,71.3,56,3.8,52.8,31.6,0,7.84315549754288
2007,"Whitsunday","Fished","W1",2286,38.2,62.7,34.7,8.2,70.8,43.6,0,8.0261174103347
2007,"Whitsunday","Fished","W2",2103.3,29.8,20.7,22.7,11.4,67.6,39.6,0,7.96513010607076
2007,"Whitsunday","Fished","W3",2522.6,28.2,29.3,8.7,7,41.2,22.4,11.2,7.70288469773583
2007,"Whitsunday","Fished","W4",905.3,29.2,43.3,10,8.6,25.6,14.8,47.6,7.58700881963434
2007,"Whitsunday","Fished","W5",2256.7,24.4,40,7.3,5.8,57.2,54.8,9.2,8.19688186227373
2007,"Whitsunday","Fished","W6",742.7,23.8,24.7,6.7,4.7,14,11.2,63.2,7.5321202457968
2007,"Whitsunday","Fished","W8",1756,31.4,24,23.3,20.8,58.4,42.4,0.4,8.00782121905552
2007,"Whitsunday","Fished","W9",1723.3,29,17.3,25.3,21.6,63.2,44.8,0.8,8.04441360161388
2007,"Whitsunday","NTR 1987","B1",4024,37.8,60,31.3,8.9,64.8,28.4,0,7.79436565413173
2007,"Whitsunday","NTR 1987","B2",7770,31,31.3,26.7,6.4,71.6,40.8,0,7.98342629734994
2007,"Whitsunday","NTR 1987","B3",2028.7,23.6,16.7,26,8.3,78.8,52,0,8.15419074928897
2007,"Whitsunday","NTR 1987","B4",1263.3,22.6,8,28.7,4.4,80.4,63.6,0,8.33105393165439
2007,"Whitsunday","NTR 1987","B5",2868,25.2,22.7,10,4.9,75.2,64.8,0.4,8.34935012293357
2007,"Whitsunday","NTR 1987","B6",5352.6,42.6,130.7,50.7,3.6,71.6,43.2,0,8.02001867990831
2007,"Whitsunday","NTR 1987","HG1",4330,41,77.3,53.3,3.7,64.4,32.8,0,7.86145168882207
2007,"Whitsunday","NTR 1987","HG2",3710,43.4,49.3,28,6.3,72.4,46.8,0.4,8.07490725374585
2007,"Whitsunday","NTR 1987","HG3",3230,41,72,18.7,7.7,68,38.4,0,7.94683391479158
2007,"Whitsunday","NTR 1987","HG4",6298.6,40.2,64.7,29.3,8.7,74.4,63.2,1.2,8.324955201228
2007,"Whitsunday","NTR 1987","HG5",2030.6,39,77.3,31.3,4.6,61.6,39.2,0,7.95903137564437
2007,"Whitsunday","NTR 1987","HG6",2812,40.4,123.3,13.3,6,42.8,34,0.4,7.87974788010125
2007,"Whitsunday","NTR 2004","BL1",2190,43.2,111.3,28.7,6.2,56,25.2,0,7.74557581072058
2007,"Whitsunday","NTR 2004","BL2",1914.6,40.2,81.3,44,7.1,61.6,38.8,0,7.95293264521797
2007,"Whitsunday","NTR 2004","DB1",2886,46.2,57.3,18,7.4,72.4,35.6,0,7.90414280180682
2007,"Whitsunday","NTR 2004","DB2",4025.3,42.8,143.3,58,5,74,47.2,0,8.08100598417224
2007,"Whitsunday","NTR 2004","HG7",6072.6,43.4,69.3,62,5.4,70.8,59.2,0,8.26396789696406
2007,"Whitsunday","NTR 2004","HW1",3116,45.2,181.3,28,7.5,71.6,54.8,0,8.19688186227373
2007,"Whitsunday","NTR 2004","HW2",2110,35.4,62.7,17.3,7.8,63.6,54.8,0.8,8.19688186227373
2007,"Whitsunday","NTR 2004","HW3",3643.3,37.8,52,19.3,7.8,78.8,61.6,0,8.30056027952242
2007,"Whitsunday","NTR 2004","L1",2619.3,39.2,61.3,18.7,7.2,60,32,0,7.84925422796928
2008,"Keppel","Fished","GK7",5055.3,23.6,19.3,38,7.1,63.6,62,0.8,8.31611832437267
2008,"Keppel","Fished","GK8",1857.3,21.4,192.6,13.3,6.2,22,21.6,4,7.70014655130689
2008,"Keppel","Fished","MI1",9894.7,25.4,4.7,41.3,7.8,88,86,0,8.6820421499563
2008,"Keppel","Fished","NK3",3467.3,23.6,48.7,22,6,68,68,1.2,8.40759928076857
2008,"Keppel","NTR 2004","GK5",15867.3,32.4,17.3,24,8.2,30.4,30,11.2,7.82821989026116
2008,"Keppel","NTR 2004","GK6",8658,21.6,15.3,20,7.1,58.4,58.4,2.4,8.26122975053512
2008,"Keppel","NTR 2004","GK9",5240.7,16.8,11.3,4,7.5,44,44,10.8,8.04167545518495
2008,"Keppel","NTR 2004","NK1",6794.6,17,272,6,4.4,29.6,29.6,54,7.82212115983477
2008,"Palm","Fished","C4",3752,43.2,65.3,32.7,11.4,61.6,32.8,1.6,7.87091100324592
2008,"Palm","Fished","C5",2684.6,47.6,81.3,21.3,5.3,67.6,14,0,7.58427067320541
2008,"Palm","Fished","C6",3057.3,33.8,40,11.3,7.5,51.2,13.2,0,7.57207321235262
2008,"Palm","NTR 2004","C1",3238,38.6,33.3,24,10.4,50.8,22.8,0,7.71844274258607
2008,"Palm","NTR 2004","C2",4159.3,39.6,31.3,16.7,10.4,50.4,18.8,0.8,7.65745543832213
2008,"Palm","NTR 2004","C3",4670.6,38.6,44.7,12.7,9.2,64,39.6,3.2,7.97458942049461
2008,"Whitsunday","Fished","HB7",6258.6,38.8,43.3,29.3,5.5,83.6,54,0,8.19414371584479
2008,"Whitsunday","Fished","HE1",2275.3,37.6,40,25.3,10.7,83.2,73.2,0,8.48688277631169
2008,"Whitsunday","Fished","HE2",2953.3,37,58,27.3,6.9,78,68,0,8.40759928076857
2008,"Whitsunday","Fished","HE3",3561.3,44.8,382.6,44,4,72,54.4,0,8.20024244627118
2008,"Whitsunday","Fished","HY1",3081.3,39.2,56.7,18.7,6.9,61.6,39.6,0,7.97458942049461
2008,"Whitsunday","Fished","HY2",3597.3,44,72,67.3,10.7,64.8,37.2,0.8,7.93799703793625
2008,"Whitsunday","Fished","HY3",4250.6,47,60,43.3,9.3,73.2,49.2,0,8.12095895072807
2008,"Whitsunday","Fished","W8",2462,32.4,20.7,47.3,5.8,58,40.4,1.6,7.9867868813474
2008,"Whitsunday","Fished","W9",2707.3,41,57.3,54.7,9.3,69.6,48,2.8,8.10266275944888
2008,"Whitsunday","NTR 2004","BL1",4397.3,48,121.3,44,7.6,59.2,33.6,1.6,7.88310846409871
2008,"Whitsunday","NTR 2004","BL2",2669.3,43,68.7,38,8.6,75.2,56.4,0,8.23073609840315
2008,"Whitsunday","NTR 2004","DB1",3590.6,45.6,89.3,29.3,9.2,51.6,22.8,0,7.71844274258607
2008,"Whitsunday","NTR 2004","DB2",4359.3,41.6,32,37.3,5.8,64.8,34.8,0.4,7.90140465537789
2008,"Whitsunday","NTR 2004","HG7",5909.3,49,72.7,60,3,74,45.6,0,8.06607037689052
2008,"Whitsunday","NTR 2004","HW1",3131.3,43.6,112,19.3,5.6,58.4,44.4,0.8,8.04777418561134
2008,"Whitsunday","NTR 2004","HW2",3616,43.8,100,26,9.7,57.6,54,0,8.19414371584479
2008,"Whitsunday","NTR 2004","HW3",4149.9,48.8,82.7,31.3,7.6,69.2,53.2,0,8.181946254992
2008,"Whitsunday","NTR 2004","L1",2820,40.8,72,26.7,7.5,59.2,35.6,0.4,7.91360211623067
2009,"Keppel","Fished","GK1",8129.9,32,21.3,51.3,8.2,88,84.8,0,8.47044431737851
2009,"Keppel","Fished","GK2",2759.3,26.6,16.7,50,11.4,83.2,78.4,0,8.3728646305562
2009,"Keppel","Fished","GK3",6906,25.2,17.3,26.7,7,83.2,83.2,1.2,8.44604939567293
2009,"Keppel","Fished","GK4",16296.7,23.8,6.7,32.7,8.6,83.6,81.2,0,8.41555574354096
2009,"Keppel","Fished","GK7",21618.6,23.8,32.7,64,5.8,67.2,66,7.6,8.183803987338
2009,"Keppel","Fished","GK8",1502,18.8,7.3,29.3,4.7,36.4,35.2,1.6,7.71420174450567
2009,"Keppel","Fished","H3",12708,29,72,54,5.6,40,40,52.8,7.7873865096224
2009,"Keppel","Fished","MI1",11774.7,23,9.3,38,6.7,85.6,82.8,2,8.43995066524654
2009,"Keppel","Fished","MI2",21712.6,25.8,9.3,42.7,7,79.6,56.4,3.2,8.03743445710454
2009,"Keppel","Fished","NK3",3919.3,17.8,2.7,13.3,4.6,35.2,35.2,52.8,7.71420174450567
2009,"Keppel","NTR 1987","H1",13410.6,24,26,64,6.2,79.2,77.2,3.2,8.35456843927702
2009,"Keppel","NTR 1987","H2",35520,24.2,14,76.7,7.1,88,86.8,0,8.50093796951047
2009,"Keppel","NTR 1987","M1",13755.3,18.6,6.7,22,7.5,51.6,51.6,39.2,7.96424969198782
2009,"Keppel","NTR 1987","M2",16933.3,24.4,6.7,62,7.8,67.6,67.6,7.2,8.20819890904357
2009,"Keppel","NTR 1987","M3",5910.6,22.2,10,28,7.8,80.4,80.4,1.6,8.40335828268817
2009,"Keppel","NTR 1987","M4",3839.3,26.4,6.7,34.7,7.2,83.6,83.6,0.8,8.45214812609932
2009,"Keppel","NTR 2004","GK5",30692.7,20,9.3,4.7,6,11.6,11.6,86.4,7.35437664934844
2009,"Keppel","NTR 2004","GK6",17960,19,12,44,5.4,62.4,62.4,27.6,8.12891541350045
2009,"Keppel","NTR 2004","GK9",10610.7,22.6,12,12,5,50.8,50.8,27.6,7.95205223113503
2009,"Keppel","NTR 2004","NK1",3254.7,12.2,20,0.7,4,12.8,12.8,81.2,7.37267284062762
2009,"Palm","Fished","C4",3194.6,40.6,43.3,16,9,56.8,27.2,0.4,7.5922271359778
2009,"Palm","Fished","C5",1483.3,38.8,112,12.7,5.6,64.4,11.2,0,7.34827791892204
2009,"Palm","Fished","C6",2900.6,37.4,106,10.7,12.2,58.4,22,0,7.51294364043468
2009,"Palm","Fished","PE1",2912.6,44,82,15.3,18.8,50.4,23.6,0,7.53733856214025
2009,"Palm","Fished","PE2",1478,36.2,50,14.7,11.1,63.2,52.8,0,7.982545883267
2009,"Palm","Fished","PE3",1185.3,33.2,57.3,14,17.6,62,49.6,0.4,7.93375603985585
2009,"Palm","Fished","PE4",888.6,35.8,90.7,13.3,10.2,40,34.4,2.4,7.70200428365288
2009,"Palm","Fished","PE5",1648.6,41.2,286.6,12,9.2,36.4,24.4,0.4,7.54953602299304
2009,"Palm","Fished","PE6",1884.6,41,162.7,10.7,9.8,34,22.4,8,7.51904237086107
2009,"Palm","Fished","PS1",2447.3,46.8,168.6,20.7,9.2,57.6,31.2,0,7.65321444024173
2009,"Palm","Fished","PS2",2974.7,30.8,30.7,21.3,7.4,62.8,55.6,2.8,8.02523699625176
2009,"Palm","Fished","PS3",3332.6,41.6,107.3,24.7,18.5,47.2,34.8,1.2,7.70810301407928
2009,"Palm","Fished","PS4",2892.6,42,89.3,22.7,14.8,44.4,24.8,0.8,7.55563475341943
2009,"Palm","Fished","PS5",2595.9,38,55.3,10.7,10.5,59.6,41.6,0,7.81178143132797
2009,"Palm","Fished","PS6",2255.3,40,156,8.7,16.5,57.2,35.2,0.4,7.71420174450567
2009,"Palm","NTR 1987","OE1",1708,40.6,104,11.3,15.1,69.2,29.2,0,7.62272078810977
2009,"Palm","NTR 1987","OE2",2160,45.2,83.3,18,10.8,75.6,24.8,0.8,7.55563475341943
2009,"Palm","NTR 1987","OE3",1784,35,69.3,2,11.2,52.8,16.4,0,7.42756141446516
2009,"Palm","NTR 1987","OE4",1190.6,34,65.3,20.7,11.8,77.6,43.6,0,7.84227508345994
2009,"Palm","NTR 1987","OE5",745.3,30.6,40,11.3,15,53.2,30.4,4.4,7.64101697938895
2009,"Palm","NTR 1987","OE6",830,29.6,42.7,12,7.6,60.8,38,0,7.75689285749043
2009,"Palm","NTR 1987","OS1",1142.6,30.2,24.7,24,2.8,51.6,45.6,0,7.87276873559191
2009,"Palm","NTR 1987","OS2",1683.3,29,131.3,18,6.7,26,14.4,0.4,7.39706776233319
2009,"Palm","NTR 1987","OS3",2135.3,35.8,98,17.3,8.7,52.4,32.4,0,7.67151063152092
2009,"Palm","NTR 1987","OS4",2646.6,34,66,26,9.5,46.8,36.8,0,7.73859666621125
2009,"Palm","NTR 1987","OS5",2226,34,31.3,19.3,18,51.2,22,0,7.51294364043468
2009,"Palm","NTR 1987","OS6",1029.3,27.8,200.6,2.7,13.5,41.6,10,0,7.32998172764286
2009,"Palm","NTR 2004","C1",3405.3,39.8,40,15.3,7.7,55.2,24.4,0,7.54953602299304
2009,"Palm","NTR 2004","C2",2898,39.4,99.3,14,10.2,50.4,24,0,7.54343729256665
2009,"Palm","NTR 2004","C3",3016,37.2,42.7,14.7,10.9,60,43.2,1.2,7.83617635303355
2009,"Whitsunday","Fished","HB1",1508.6,32.4,82,15.3,9.3,56.4,34,0,7.69590555322649
2009,"Whitsunday","Fished","HB2",1294.7,24.8,28,20,6.6,63.2,42.4,0,7.82397889218076
2009,"Whitsunday","Fished","HB3",1884,26,26.7,20.7,10.4,80.4,54.4,0.4,8.00694080497258
2009,"Whitsunday","Fished","HB4",2612.6,30,100.7,16,8.9,74.4,44.8,0.8,7.86057127473912
2009,"Whitsunday","Fished","HB5",3966,35.2,35.3,14,12.2,78,30.8,0,7.64711570981534
2009,"Whitsunday","Fished","HB7",6112.7,38.4,43.3,24.7,18.2,82.4,55.6,0,8.02523699625176
2009,"Whitsunday","Fished","HE1",3584.6,36.6,165.3,18.7,17.7,87.2,79.6,0,8.39116082183539
2009,"Whitsunday","Fished","HE2",2758.6,39.8,182,38.7,16.2,79.6,73.2,0,8.29358113501308
2009,"Whitsunday","Fished","HE3",2239.3,41.6,138,42,14.3,80,48.8,0,7.92155857900306
2009,"Whitsunday","Fished","HY1",1896,32.4,170.6,13.3,5.1,76,45.6,0,7.87276873559191
2009,"Whitsunday","Fished","HY2",1987.3,38.6,64,29.3,10.8,78,44.8,0,7.86057127473912
2009,"Whitsunday","Fished","HY3",2843.3,44.6,83.3,50,8.2,61.6,40.4,0,7.79348524004879
2009,"Whitsunday","Fished","W1",1582,27.6,72.7,26,6.1,74,47.2,0,7.89716365729749
2009,"Whitsunday","Fished","W2",2246.7,31.6,19.3,17.3,6.4,82.8,44,0,7.84837381388634
2009,"Whitsunday","Fished","W3",1692,31,27.3,16,3.8,44.4,14,0,7.3909690319068
2009,"Whitsunday","Fished","W4",1154,31,60.7,15.3,8.2,28.4,18.4,39.2,7.45805506659713
2009,"Whitsunday","Fished","W5",1811.3,25.6,42.7,14,4.1,56,54,18,8.00084207454618
2009,"Whitsunday","Fished","W6",421.3,19.8,18,8,6.1,20.8,17.2,61.2,7.43975887531795
2009,"Whitsunday","Fished","W8",2454,30.6,16.7,47.3,6,58,40.4,1.6,7.79348524004879
2009,"Whitsunday","Fished","W9",3393.3,30,21.3,34.7,4.6,73.6,58.4,0.4,8.06792810923651
2009,"Whitsunday","NTR 1987","B1",1676.6,33.2,86.7,12,5.9,72.4,12.8,0,7.37267284062762
2009,"Whitsunday","NTR 1987","B2",3858.7,30.6,21.3,42,5.2,78,48.4,0,7.91545984857667
2009,"Whitsunday","NTR 1987","B3",2372.7,27.6,33.3,23.3,13.1,87.6,58.8,0,8.07402683966291
2009,"Whitsunday","NTR 1987","B4",1647.3,28.6,39.3,38,23.8,94.4,50.8,0,7.95205223113503
2009,"Whitsunday","NTR 1987","B5",2855.3,28.2,30,16.7,6.4,68.4,59.2,0,8.0801255700893
2009,"Whitsunday","NTR 1987","B6",2138.7,29.2,58.7,28.7,15.7,74.4,38,0,7.75689285749043
2009,"Whitsunday","NTR 1987","HG1",2029.3,41.6,60.7,21.3,9.7,80.8,36.8,0,7.73859666621125
2009,"Whitsunday","NTR 1987","HG2",4089.3,39.6,84.7,52,10.5,82.8,53.2,0,7.98864461369339
2009,"Whitsunday","NTR 1987","HG3",2380.6,41.8,93.3,25.3,13.9,74.4,48.8,1.6,7.92155857900306
2009,"Whitsunday","NTR 1987","HG4",4290,39.6,94,27.3,14.3,82.8,69.2,0,8.23259383074915
2009,"Whitsunday","NTR 1987","HG5",2540.6,36.4,79.3,28.7,6.4,73.6,50.8,0,7.95205223113503
2009,"Whitsunday","NTR 1987","HG6",1861.3,34.4,114,18.7,11.8,59.6,46,0,7.87886746601831
2009,"Whitsunday","NTR 2004","BL1",2158.7,33.2,62.7,16,7,86,27.2,0,7.5922271359778
2009,"Whitsunday","NTR 2004","BL2",1778.6,35.8,50,42.7,10.5,67.2,48,0.8,7.90936111815027
2009,"Whitsunday","NTR 2004","DB1",3216.6,37.2,30,16.7,11.1,68.4,26.4,0,7.58002967512501
2009,"Whitsunday","NTR 2004","DB2",2609.3,36.4,46.7,40.7,10,84.4,35.2,0,7.71420174450567
2009,"Whitsunday","NTR 2004","HG7",2728.6,39.2,64,38.7,10.9,84.4,64.4,0,8.15940906563242
2009,"Whitsunday","NTR 2004","HW1",2194,36,92.7,9.3,8.7,68.4,51.6,0.4,7.96424969198782
2009,"Whitsunday","NTR 2004","HW2",1890.6,35.6,70,16.7,8.6,68.8,63.2,0.4,8.14111287435324
2009,"Whitsunday","NTR 2004","HW3",2486,38,115.3,32.7,9.1,65.6,42.4,0.4,7.82397889218076
2009,"Whitsunday","NTR 2004","L1",2349.3,30,37.3,26,14.6,76.8,50,0,7.93985477028224
2011,"Keppel","Fished","GK1",5091.3,26.2,43.3,53.3,6.4,69.6,66.4,0,8.02312425307771
2011,"Keppel","Fished","GK2",2540,20,66.7,28.7,8.3,35.2,32.4,0,7.50473216683424
2011,"Keppel","Fished","GK3",15793.3,21.6,72.7,47.3,4.4,69.2,68.8,1.2,8.05971663563608
2011,"Keppel","Fished","GK4",15364.6,23.2,27.3,81.3,4.9,51.2,50.8,0,7.78527376644835
2011,"Keppel","Fished","GK7",9955.3,19.4,114,76,3.6,40.4,39.2,0,7.60841058408293
2011,"Keppel","Fished","GK8",3829.3,18.8,86,30,3.7,33.6,33.6,1.2,7.52302835811342
2011,"Keppel","Fished","H3",18498,21.4,60.7,14,6.3,23.2,23.2,0,7.36446136702718
2011,"Keppel","Fished","MI1",1628.7,16.4,8.7,14.7,7.7,30.4,28.8,0,7.44984359299669
2011,"Keppel","Fished","MI2",2418.7,21.6,26.7,28,8.7,58,41.6,0,7.64500296664129
2011,"Keppel","Fished","NK3",1471.3,20.8,31.3,26.7,4.7,44,44,0,7.68159534919966
2011,"Keppel","NTR 1987","H1",2511.3,24.6,110,56,7.7,37.2,36.4,0,7.56571947109818
2011,"Keppel","NTR 1987","H2",3096.7,18.6,61.3,41.3,7.4,50,49.2,0,7.76087884474278
2011,"Keppel","NTR 1987","M1",1913.3,16.6,14,5.3,4.4,5.2,5.2,0,7.09001849783946
2011,"Keppel","NTR 1987","M2",6593.3,25.6,326.6,28.7,5.8,30,30,0,7.46813978427587
2011,"Keppel","NTR 1987","M3",1380.7,19.2,8.7,34,6.9,47.2,46.8,0,7.72428646218441
2011,"Keppel","NTR 1987","M4",2892,27,144,51.3,4,45.2,44.8,0,7.69379281005244
2011,"Keppel","NTR 2004","GK5",14023.3,21,83.3,10,5.9,2.4,2.4,0,7.0473273848547
2011,"Keppel","NTR 2004","GK6",10022.6,18.2,57.3,65.3,4.1,59.2,59.2,0.8,7.91334710540262
2011,"Keppel","NTR 2004","GK9",7668,16.6,4.7,29.3,3.8,48.8,48.8,0,7.75478011431638
2011,"Keppel","NTR 2004","NK1",2717.3,10.4,0,2.7,3,21.6,21.6,0.4,7.3400664453216
2012,"Magnetic","Fished","AW1",158.7,10.6,10,10,11.6,26.8,26.8,16.8,7.46675383040025
2012,"Magnetic","Fished","AW2",196,11.6,14.7,12.7,7.5,34.4,34.4,18.4,7.58262970850173
2012,"Magnetic","Fished","NB1",398.7,12,21.3,8,3,25.2,25.2,28.8,7.44235890869467
2012,"Magnetic","Fished","WC1",212,11.8,16.7,14,10.8,15.6,15.6,39.6,7.29598937846122
2012,"Magnetic","NTR 2004","FB1",111.3,5.2,2.7,4,2.5,12.4,12.4,48,7.24719953505007
2012,"Magnetic","NTR 2004","GOW1",212.7,10.4,19.3,6,8.1,19.6,19.6,32.4,7.35697668272516
2012,"Magnetic","NTR 1987","GB1",175.3,12.8,29.3,6,2.8,15.6,12.8,54.4,7.25329826547647
2012,"Magnetic","NTR 1987","GB2",188.7,8.2,9.3,1.3,3,18.4,18.4,64,7.33868049144598
2012,"Palm","Fished","C4",2269.3,39.4,110,11.3,13.4,54,20.8,0,7.37527287400434
2012,"Palm","Fished","C5",1346.6,38.2,120.7,4,22.5,29.2,6.4,0,7.15571857865416
2012,"Palm","Fished","C6",1648,33.8,246.6,9.3,13.5,36.8,8,0,7.18011350035974
2012,"Palm","Fished","PE1",1258.6,33.8,150.7,4.7,15.2,20.4,10.4,0,7.2167058829181
2012,"Palm","Fished","PE2",1360,34.4,154.7,2.7,16.6,10,8,0,7.18011350035974
2012,"Palm","Fished","PE3",1091.3,37,123.3,14,11.7,16,13.2,2.4,7.25939699590286
2012,"Palm","Fished","PE4",848,28.6,82.7,4.7,14.9,10,8.8,12.4,7.19231096121253
2012,"Palm","Fished","PE5",1498,34.8,88.7,14.7,11.3,21.6,13.2,4,7.25939699590286
2012,"Palm","Fished","PE6",1676,35.4,375.3,8,21.3,10.8,8.4,1.6,7.18621223078613
2012,"Palm","Fished","PS1",1760,38.6,78.7,18,21.3,41.6,11.6,0,7.23500207419728
2012,"Palm","Fished","PS2",2708,32.6,98,17.3,13.3,51.6,42.4,1.2,7.70460431702961
2012,"Palm","Fished","PS3",2338,37.6,61.3,18,11,52.4,32.4,0.8,7.55213605636976
2012,"Palm","Fished","PS4",1250,43.8,62.7,22.7,21.8,38,16.8,0,7.3142855697404
2012,"Palm","Fished","PS5",1577.3,38.6,59.3,12.7,21.9,37.2,21.2,0,7.38137160443074
2012,"Palm","Fished","PS6",1100.6,33.2,96,8.7,13.8,24,12,0.4,7.24110080462368
2012,"Palm","NTR 1987","OE1",1694.6,31.6,70.7,4,10.1,19.6,6,8,7.14961984822777
2012,"Palm","NTR 1987","OE2",1470.6,31,48.7,4,13.4,19.6,5.2,4.4,7.13742238737498
2012,"Palm","NTR 1987","OE3",806,27,38.7,0.7,15.9,16.4,8.4,0,7.18621223078613
2012,"Palm","NTR 1987","OE4",1052,25.2,173.3,3.3,25,18.8,7.6,5.2,7.17401476993335
2012,"Palm","NTR 1987","OE5",878,35.4,135.3,0.7,13.2,4.4,3.6,1.2,7.11302746566941
2012,"Palm","NTR 1987","OE6",990.7,30.2,56,6,22.9,14,8,3.6,7.18011350035974
2012,"Palm","NTR 1987","OS1",1494.6,33.8,92.7,34,8.6,42.4,37.2,0,7.62532082148649
2012,"Palm","NTR 1987","OS2",1118.6,30.4,44.7,48,18,34.4,23.2,0,7.41186525656271
2012,"Palm","NTR 1987","OS3",1008.7,30.6,20,16.7,17,48.4,17.6,0,7.32648303059319
2012,"Palm","NTR 1987","OS4",1706,31.2,18,70,17.2,57.2,24.4,0,7.43016144784189
2012,"Palm","NTR 1987","OS5",1667.3,37.6,79.3,39.3,10.4,56.8,18,0,7.33258176101959
2012,"Palm","NTR 1987","OS6",572.6,23,207.3,2.7,13.6,13.6,3.6,0,7.11302746566941
2012,"Palm","NTR 2004","C1",2110,36.8,28.7,21.3,12.3,56.8,24.4,0,7.43016144784189
2012,"Palm","NTR 2004","C2",3006.6,36.4,261.3,19.3,7.8,49.2,20,0,7.36307541315156
2012,"Palm","NTR 2004","C3",2794,30.8,29.3,8.7,7.8,53.6,37.2,1.2,7.62532082148649
2012,"Whitsunday","Fished","HB1",1575.3,34,56,15.3,19.1,44.8,28.8,2.8,7.49724748253222
2012,"Whitsunday","Fished","HB2",1407.3,36.2,176.6,20.7,12.4,58.8,43.6,2,7.72290050830879
2012,"Whitsunday","Fished","HB3",1302.7,30.2,54,19.3,15.7,51.6,33.6,2.4,7.57043224764895
2012,"Whitsunday","Fished","HB4",2589.3,30.6,37.3,14.7,12,77.6,50.4,0,7.82657892555749
2012,"Whitsunday","Fished","HB5",2158,38.4,65.3,18,8.4,38.4,22,4,7.39356906528352
2012,"Whitsunday","Fished","HB7",5756.6,37.4,164.7,12.7,18.3,74.4,60,0,7.97294845579094
2012,"Whitsunday","Fished","HE1",3686.6,38,308.6,20,5.1,64.4,55.6,0,7.9058624211006
2012,"Whitsunday","Fished","HE2",1782.7,35.2,68.7,24.7,3.9,60.4,52.8,0.4,7.86317130811585
2012,"Whitsunday","Fished","HE3",2740.6,35.6,79.3,16.7,5.1,52.8,40.8,0.4,7.68020939532403
2012,"Whitsunday","Fished","HY1",2537.3,36.6,83.3,36.7,2.9,70.8,55.2,0,7.89976369067421
2012,"Whitsunday","Fished","HY2",2799.3,35,72.7,39.3,7.9,40,21,1,7.37832223921754
2012,"Whitsunday","Fished","HY3",3184,41.8,85.3,49.3,21,64,44,0,7.72899923873518
2012,"Whitsunday","Fished","W1",1780.6,36.8,151.3,28,12.2,52.8,31.6,1.6,7.53993859551698
2012,"Whitsunday","Fished","W2",1686.6,36.2,66,23.3,17.2,64.8,39.6,0,7.66191320404485
2012,"Whitsunday","Fished","W3",1688.6,31.6,92,10.7,14.8,34.8,15.2,2.8,7.28989064803483
2012,"Whitsunday","Fished","W4",1741.3,31.4,48,18,11.4,28.4,19.6,34.4,7.35697668272516
2012,"Whitsunday","Fished","W5",2649.3,36.4,104,21.3,20.3,62.8,59.6,9.6,7.96684972536454
2012,"Whitsunday","Fished","W6",512,23.8,73.3,12,9.2,17.6,15.2,66.4,7.28989064803483
2012,"Whitsunday","Fished","W8",1443.3,30.6,32,14.7,4.7,45.2,32,8.8,7.54603732594337
2012,"Whitsunday","Fished","W9",2648,36.6,25.3,35.3,3,55.6,39.6,6,7.66191320404485
2012,"Whitsunday","NTR 1987","B1",1444.7,29.8,60.7,18.7,18.9,70,36.8,0,7.6192220910601
2012,"Whitsunday","NTR 1987","B2",2752.7,29.8,32.7,21.3,10,67.2,39.2,0,7.65581447361846
2012,"Whitsunday","NTR 1987","B3",2641.3,33.8,178,14,11.8,16,13.2,14,7.25939699590286
2012,"Whitsunday","NTR 1987","B4",1735.3,28,74.7,14.7,11.9,52,37.6,6.8,7.63141955191288
2012,"Whitsunday","NTR 1987","B5",2175.3,19.8,14,8,10.6,67.2,62.8,0.8,8.01563956877569
2012,"Whitsunday","NTR 1987","B6",1426.7,23,36.7,8,5.7,51.6,33.2,12.8,7.56433351722255
2012,"Whitsunday","NTR 1987","HG1",1641.3,40,109.3,20,6.2,64,32.8,0,7.55823478679616
2012,"Whitsunday","NTR 1987","HG2",2676,38.4,60.7,14.7,3.7,72,44,0.8,7.72899923873518
2012,"Whitsunday","NTR 1987","HG3",2538.6,39,137.3,28.7,5.1,58.4,42.8,0,7.710703047456
2012,"Whitsunday","NTR 1987","HG4",3372.6,37.2,100,18.7,4.7,74.4,67.2,0,8.08272560346603
2012,"Whitsunday","NTR 1987","HG5",1070.7,32.8,66.7,22.7,3.8,57.2,43.6,0.4,7.72290050830879
2012,"Whitsunday","NTR 1987","HG6",1948.6,39.2,105.3,21.3,4.5,49.6,39.2,0,7.65581447361846
2012,"Whitsunday","NTR 2004","BL1",2320,40.6,90.7,36.7,4.4,71.6,34.8,0.8,7.58872843892813
2012,"Whitsunday","NTR 2004","BL2",2074.6,38.4,138,30,5.9,64,40.4,0,7.67411066489764
2012,"Whitsunday","NTR 2004","DB1",2914,33.2,74.7,11.3,3.3,41.6,10.4,0.4,7.2167058829181
2012,"Whitsunday","NTR 2004","DB2",2663.3,38,85.3,16.7,6.2,57.2,26.4,0,7.46065509997386
2012,"Whitsunday","NTR 2004","HG7",2807.3,41.2,71.3,45.3,4.7,55.2,46.8,0,7.77169035171994
2012,"Whitsunday","NTR 2004","HW1",2873.3,36.8,106.7,32.7,4.1,71.6,62.4,0.4,8.0095408383493
2012,"Whitsunday","NTR 2004","HW2",3059.3,43.6,204,24.7,4.9,63.6,58.4,0,7.94855353408536
2012,"Whitsunday","NTR 2004","HW3",3225.3,35.6,118,24,3.9,56,41.6,0.4,7.69240685617682
2012,"Whitsunday","NTR 2004","L1",2296,39.2,66.7,44,9.2,63.6,28.4,0,7.49114875210582
2013,"Keppel","Fished","GK1",1841.3,21.4,25.3,22.7,5.7,48.4,44,0,6.68717787993114
2013,"Keppel","Fished","GK2",1168.7,22.2,44,15.3,6.2,24.4,20.4,0.4,6.32735278477391
2013,"Keppel","Fished","GK3",679.3,14,1.3,30.7,3.7,67.6,67.6,4,7.04700297508838
2013,"Keppel","Fished","GK4",1167.3,23.4,26.7,32.7,5.1,36.8,33.2,2.8,6.52251215841851
2013,"Keppel","Fished","GK7",989.3,17.8,20.7,10.7,4.7,15.6,14.8,14.8,6.2419705588044
2013,"Keppel","Fished","GK8",2842.7,14.6,13.3,6.7,3.8,23.6,23.2,0,6.37004389775867
2013,"Keppel","Fished","H3",1731.3,14.4,8,2,4.5,7.2,7.2,6,6.12609468070291
2013,"Keppel","Fished","MI1",862.7,11.6,3.3,8.7,4.4,14.8,14.4,1.6,6.235871828378
2013,"Keppel","Fished","MI2",1102.7,17.6,22.7,9.3,5.9,38.4,20,2,6.32125405434752
2013,"Keppel","Fished","NK3",1377.3,13.8,9.3,17.3,3.3,32.4,32.4,48.8,6.51031469756572
2013,"Keppel","NTR 1987","H1",2196,18.8,38.7,17.3,3.9,28.8,26.4,0.8,6.41883374116982
2013,"Keppel","NTR 1987","H2",1568,19.4,32.7,12.7,4.7,34.8,32,4,6.50421596713933
2013,"Keppel","NTR 1987","M1",2278.7,13.6,34.7,0,3,2.4,2.4,9.6,6.05290991558619
2013,"Keppel","NTR 1987","M2",4400,12.4,28.7,7.3,3.5,41.2,40.8,17.6,6.63838803651999
2013,"Keppel","NTR 1987","M3",958.7,12.4,14,10.7,3.9,52,52,3.6,6.80915248845902
2013,"Keppel","NTR 1987","M4",1876.7,18.2,32.7,23.3,5.1,8.8,8.8,47.2,6.15048960240849
2013,"Keppel","NTR 2004","GK5",1416.7,11.2,9.3,0,4.7,2.4,2,27.6,6.04681118515979
2013,"Keppel","NTR 2004","GK6",2016,13.2,16,22.7,4.1,45.6,45.6,11.2,6.71157280163672
2013,"Keppel","NTR 2004","GK9",2050.7,11.4,2,8,4.9,38.4,38.4,9.6,6.60179565396163
2013,"Keppel","NTR 2004","NK1",210,7.8,11.3,0,2.9,4.4,4.4,77.2,6.08340356771816
2014,"Whitsunday","Fished","HB1",1416,29.6,42.7,20.7,14.6,58,33.6,0,7.54845773845701
2014,"Whitsunday","Fished","HB2",1604,30.4,176.6,26.7,24.4,70.4,54,0,7.85949299020309
2014,"Whitsunday","Fished","HB3",1013.3,23.6,13.3,6.7,12.7,57.2,28,0,7.4630755124875
2014,"Whitsunday","Fished","HB4",1709.3,23.6,144,8.7,21.7,76,40,0,7.64603742527931
2014,"Whitsunday","Fished","HB5",1536,25.2,50.7,7.3,12.2,78,39.2,0,7.63383996442652
2014,"Whitsunday","Fished","HB7",3112.6,37.2,108.7,7.3,10.8,63.6,44.8,0,7.71922219039604
2014,"Whitsunday","Fished","HE1",2566,39.8,96.7,20,14.9,65.6,52,0,7.82899933807112
2014,"Whitsunday","Fished","HE2",1142,27.8,38.7,16,22.7,84.8,76.8,0.4,8.20712062450754
2014,"Whitsunday","Fished","HE3",2514.6,40.4,98.7,45.3,14.1,70.4,59.2,0,7.93877648574621
2014,"Whitsunday","Fished","HY1",1524.6,36,174,18.7,22.6,71.2,45.6,0,7.73141965124882
2014,"Whitsunday","Fished","HY2",2269.3,37.8,267.3,16.7,8.9,70.4,39.6,0,7.63993869485292
2014,"Whitsunday","Fished","HY3",1580,38.4,62,35.3,11.3,50.4,24.8,0,7.41428566907635
2014,"Whitsunday","Fished","W1",1518,26.4,246.6,9.3,15.9,55.2,30,0,7.49356916461946
2014,"Whitsunday","Fished","W2",2602.6,34.2,76.7,20,12.8,64.4,40.8,0,7.6582348861321
2014,"Whitsunday","Fished","W3",1161.3,20,9.3,1.3,11.2,70.8,42,1.2,7.67653107741128
2014,"Whitsunday","Fished","W4",1007.3,27.2,28,17.3,10,44.4,25.6,30,7.42648312992913
2014,"Whitsunday","Fished","W5",2982,37,93.3,16,10.2,60.8,60.4,6.4,7.95707267702539
2014,"Whitsunday","Fished","W6",961.3,29.2,264.6,6,12.1,30,24.8,43.6,7.41428566907635
2014,"Whitsunday","Fished","W8",1526,29.6,46,16,12.1,64,44,0.4,7.70702472954325
2014,"Whitsunday","Fished","W9",1662,35.2,77.3,20,9.6,61.2,44,2.8,7.70702472954325
2014,"Whitsunday","NTR 1987","B1",2158,37,82,28,9,50.8,18.4,0,7.31670598225404
2014,"Whitsunday","NTR 1987","B2",3535.3,33.6,27.3,35.3,8.6,72.4,45.2,0,7.72532092082243
2014,"Whitsunday","NTR 1987","B3",1183.3,22.8,71.3,4.7,15.6,50.4,32.8,10,7.53626027760422
2014,"Whitsunday","NTR 1987","B4",840.7,20.6,46.7,8,13.7,63.6,35.2,0.4,7.57285266016258
2014,"Whitsunday","NTR 1987","B5",2044,25.4,34.7,7.3,9.6,77.6,48.4,0,7.77411076423358
2014,"Whitsunday","NTR 1987","B6",1632,36.8,147.3,15.3,17.1,51.2,36,5.2,7.58505012101537
2014,"Whitsunday","NTR 1987","BL1",1918,33.8,64.7,22,15.1,73.6,33.6,0,7.54845773845701
2014,"Whitsunday","NTR 1987","BL2",1886.6,38,120.7,32.7,15,76.4,48,0,7.76801203380719
2014,"Whitsunday","NTR 1987","DU1",2116.6,39,96.7,20.7,6.3,46,19.6,0.4,7.33500217353323
2014,"Whitsunday","NTR 1987","DU2",2853.3,34.2,68,14.7,9.8,69.2,40.8,0.4,7.6582348861321
2014,"Whitsunday","NTR 1987","HG6",1950,38.8,237.3,19.3,17.2,59.2,46,0.8,7.73751838167522
2014,"Whitsunday","NTR 1987","HG7",2226,38.8,96,39.3,15.8,60.8,49.2,0,7.78630822508637
2014,"Whitsunday","NTR 2004","HG1",1683.3,41,92.7,22.7,18,66.4,38.4,0,7.62164250357373
2014,"Whitsunday","NTR 2004","HG2",3342.6,46.4,167.3,32,15.9,73.6,46.4,0,7.74361711210161
2014,"Whitsunday","NTR 2004","HG3",2203.3,42.4,260,20.7,19.1,61.2,47.6,0,7.76191330338079
2014,"Whitsunday","NTR 2004","HG4",3042,42.2,141.3,11.3,13.4,50.4,45.2,0.8,7.72532092082243
2014,"Whitsunday","NTR 2004","HG5",1909.3,39,121.3,26.7,18.7,64.4,46,0,7.73751838167522
2014,"Whitsunday","NTR 2004","HW1",3206.6,43,187.3,36.7,16,58.8,52,0,7.82899933807112
2014,"Whitsunday","NTR 2004","HW2",3634.6,40.2,230,6.7,12.3,46.8,43.2,0,7.69482726869046
2014,"Whitsunday","NTR 2004","HW3",2942,39.2,290.6,28,16.7,48,37.6,0,7.60944504272095
2014,"Whitsunday","NTR 2004","L1",1391.3,33.4,59.3,19.3,12.1,60,25.6,0.4,7.42648312992913
2014,"Palm","Fished","C4",2484,39.8,79.3,10,13.8,44.4,23.6,0.8,7.39598947779716
2014,"Palm","Fished","C5",634,35.6,128.7,3.3,7.1,34,7.6,0,7.15204026074141
2014,"Palm","Fished","C6",2280.6,32,76.7,2,4.7,43.2,9.6,4,7.18253391287338
2014,"Palm","Fished","PE1",1507.9,35.8,151.3,1.3,10.4,42,19.6,0,7.33500217353323
2014,"Palm","Fished","PE2",879.3,30.4,52,7.3,12.9,22.4,18.4,2.4,7.31670598225404
2014,"Palm","Fished","PE3",597.3,34.6,106.7,6.7,16.2,24.8,18.8,7.6,7.32280471268044
2014,"Palm","Fished","PE4",568,28.4,148.7,4.7,14.5,14.4,12,10.8,7.21912629543174
2014,"Palm","Fished","PE5",881.3,33.2,138,1.3,19.9,26.8,17.6,3.6,7.30450852140126
2014,"Palm","Fished","PE6",1474,44.6,126,10,13.1,11.6,8.4,16,7.1642377215942
2014,"Palm","Fished","PS1",2132.6,37.6,88.7,7.3,8.1,47.2,8,0,7.1581389911678
2014,"Palm","Fished","PS2",3686,39.8,78.7,17.3,9.6,41.6,36.8,3.2,7.59724758186816
2014,"Palm","Fished","PS3",3439.3,35.6,53.3,23.3,13.6,61.2,34.4,0.4,7.5606551993098
2014,"Palm","Fished","PS4",1621.3,36.8,84.7,11.3,5.5,31.6,14.4,2.4,7.25571867799011
2014,"Palm","Fished","PS5",2212,33.4,44.7,14.7,13.4,52,32.8,1.2,7.53626027760422
2014,"Palm","Fished","PS6",752,28,58.7,6.7,15.1,36.4,18.8,8.8,7.32280471268044
2014,"Palm","NTR 1987","OE1",1460.6,36.8,162.7,0,7.9,10.4,3.6,21.6,7.09105295647747
2014,"Palm","NTR 1987","OE2",1108,30.6,50.7,1.3,8.3,22,8.8,8.8,7.17033645202059
2014,"Palm","NTR 1987","OE3",1568.6,34.8,79.3,3.3,6.9,33.2,18.4,2.4,7.31670598225404
2014,"Palm","NTR 1987","OE4",773.3,29.4,111.3,1.3,21,16.8,12,11.2,7.21912629543174
2014,"Palm","NTR 1987","OE5",1038,34.2,134,4,14.2,14.8,11.2,20.4,7.20692883457895
2014,"Palm","NTR 1987","OE6",938.6,30.2,118.7,2.7,17.3,19.2,12.8,10.8,7.23132375628453
2014,"Palm","NTR 1987","OS1",1194.6,29.4,52.7,22,10.6,54.8,45.2,0,7.72532092082243
2014,"Palm","NTR 1987","OS2",2086,37.2,95.3,42,11.3,51.6,38.4,0,7.62164250357373
2014,"Palm","NTR 1987","OS3",2572.6,37.2,88.7,16.7,8.1,42.4,18.4,0,7.31670598225404
2014,"Palm","NTR 1987","OS4",3116,36,34.7,77.3,5.7,42,33.2,0.4,7.54235900803061
2014,"Palm","NTR 1987","OS5",2494.6,41.4,95.3,20.7,9.2,42.4,12,0,7.21912629543174
2014,"Palm","NTR 1987","OS6",705.3,27.2,82,8,5.5,20.8,10.4,3.2,7.19473137372617
2014,"Palm","NTR 2004","C1",3904.7,36,37.3,18,10.6,61.6,26.4,0,7.43868059078192
2014,"Palm","NTR 2004","C2",2939.3,37,41.3,10.7,10.5,57.6,22.8,0,7.38379201694438
2014,"Palm","NTR 2004","C3",5106.6,38.2,92,14.7,10.2,60,42.4,0,7.68262980783767
